[
    {
        "img": "https://i.scdn.co/image/ab67616d0000b273329998da435a644f6b9653ad",
        "titulo": "Eternos alunos", 
        "artista": "MC PH", 
        "album": "O cara do momento", 
        "ano_lancamento": 2023 
    }, 
    { 
        "img": "https://i.scdn.co/image/ab67616d0000b273c7672809f4efc51cf3b1cc27",
        "titulo": "Tipo IG", 
        "artista": "MC PH", 
        "album": "O cara do momento", 
        "ano_lancamento": 2023 
    }, 
    { 
        "img": "https://i.scdn.co/image/ab67616d0000b273c7672809f4efc51cf3b1cc27",
        "titulo": "Tenho que me decidir", 
        "artista": "MC PH", 
        "album": "O cara do momento", 
        "ano_lancamento": 2023 
    }, 
    { 
        "img": "https://i1.sndcdn.com/artworks-zxBGpMvktyUnSqli-OyckKQ-t500x500.jpg",
        "titulo": "Atriz de cinema", 
        "artista": "MC PH", 
        "album": "O cara do momento", 
        "ano_lancamento": 2021 
    }, 
    { 
        "img": "https://th.bing.com/th/id/OIP.qUOcRDxq1tL8PIDyDJifmAAAAA?rs=1&pid=ImgDetMain",
        "titulo": "Dentro da mala", 
        "artista": "MC PH", 
        "album": "O cara do momento vl2", 
        "ano_lancamento": 2023 
    }, 
    { 
        "img": "https://th.bing.com/th/id/OIP.qUOcRDxq1tL8PIDyDJifmAAAAA?rs=1&pid=ImgDetMain",
        "titulo": "Love Love", 
        "artista": "MC PH", 
        "album": "O cara do momento vl2", 
        "ano_lancamento": 2023 
    }, 
    { 
        "img": "https://i.scdn.co/image/9c7b7769c2dd3764c98ad5449e336fcd382b5ea6",
        "titulo": "3 dias virado", 
        "artista": "MC IG", 
        "album": "3 dias virado", 
        "ano_lancamento": 2020 
    }, 
    { 
        "img": "https://th.bing.com/th/id/OIP.MmqzmFqiAWuH5bHB9ukvbQHaHa?rs=1&pid=ImgDetMain",
        "titulo": "Filha do deputado", 
        "artista": "MC IG", 
        "album": "Filha do deputado", 
        "ano_lancamento": 2024 
    }, 
    { 
        "img": "https://i.scdn.co/image/ab67616d0000b27368b8bd2db8a26be0d969a795",
        "titulo": "Só mais um copo", 
        "artista": "MC IG", 
        "album": "TMOIG", 
        "ano_lancamento": 2024 
    }, 
    { 
        "img": "https://th.bing.com/th/id/OIP.Xy8COscfff3gGXpSF3jzZgAAAA?rs=1&pid=ImgDetMain",
        "titulo": "GoodNight Menina 3 ", 
        "artista": "MC IG", 
        "album": "TMOIG", 
        "ano_lancamento": 2024 
    }, 
    { 
        "img": "https://th.bing.com/th/id/OIP.Xy8COscfff3gGXpSF3jzZgAAAA?rs=1&pid=ImgDetMain",
        "titulo": "É isso bebê ta certa", 
        "artista": "MC IG", 
        "album": "TMOIG", 
        "ano_lancamento": 2024 
    }, 
    { 
        "img": "https://th.bing.com/th/id/OIP.Xy8COscfff3gGXpSF3jzZgAAAA?rs=1&pid=ImgDetMain",
        "titulo": "TMOIG", 
        "artista": "MC IG", 
        "album": "TMOIG", 
        "ano_lancamento": 2024 
    }, 
    { 
        "img": "https://th.bing.com/th/id/OIP.EdbCwn4g85ZQudBKzxmoZAAAAA?rs=1&pid=ImgDetMain",
        "titulo": "Terapia", 
        "artista": "MC KEVIN", 
        "album": "Terapia", 
        "ano_lancamento": 2021 
    }, 
    { 
        "img": "https://th.bing.com/th/id/OIP._I4m5ImS4Ev5FFbO6_qugQAAAA?rs=1&pid=ImgDetMain",
        "titulo": "Opção", 
        "artista": "MC KEVIN", 
        "album": "Passado e presente", 
        "ano_lancamento": 2021 
    }, 
    { 
        "img": "https://th.bing.com/th/id/OIP.7IxSTB3DIN1MIOxE-wws_QAAAA?rs=1&pid=ImgDetMain",
        "titulo": "Mistério", 
        "artista": "MC KEVIN", 
        "album": "Mistério", 
        "ano_lancamento": 2021 
    }, 
    { 
        "img": "https://th.bing.com/th/id/OIP.F3jGlrAYz3CdhfWhkHxYJwAAAA?rs=1&pid=ImgDetMain",
        "titulo": "Doutora 3", 
        "artista": "MC KEVIN", 
        "album": "Doutora 3", 
        "ano_lancamento": 2021 
    }, 
    { 
        "img": "https://i1.sndcdn.com/artworks-pPXzkjv8ZAksBmd2-gPsjpw-t500x500.jpg",
        "titulo": "Coração na geladeira 2", 
        "artista": "MC KEVIN", 
        "album": "O menino ainda encanta a quebrada", 
        "ano_lancamento": 2023 
    }, 
    { 
        "img": "https://th.bing.com/th/id/OIP.EhBIxRdRRiFMffWMcr7RXQAAAA?rs=1&pid=ImgDetMain",
        "titulo": "Cavalo de troia", 
        "artista": "MC KEVIN", 
        "album": "Cavalo de troia", 
        "ano_lancamento": 2021 
    }, 
    { 
       "img": "https://th.bing.com/th/id/OIP.bFrgxLTl5DHue7KGRVii9gAAAA?rs=1&pid=ImgDetMain",
        "titulo": "Cupido", 
       "artista": "MC HARIEL", 
       "album": "Chora agora ri depois", 
       "ano_lancamento": 2022 
    }, 
    { 
        "img": "https://th.bing.com/th/id/R.6fbb7494e9e19eac132a629f23962206?rik=lOHX1eu3qFkCWg&pid=ImgRaw&r=0",
        "titulo": "Maçã verde", 
        "artista": "MC HARIEL", 
        "album": "Avisa que é o funk", 
        "ano_lancamento": 2022 
    }, 
    { 
        "img": "https://th.bing.com/th/id/OIP.yOg-hOU1mzoB-NFHITadNgHaHa?rs=1&pid=ImgDetMain",
        "titulo": "Até o sol raiar", 
        "artista": "MC HARIEL", 
        "album": "Até o sol raiar", 
        "ano_lancamento": 2022 
    }, 
    { 
        "img": "https://images.genius.com/0d2e24ccf4e2313c7fae2b26224245ad.1000x1000x1.jpg",
        "titulo": "O fim é triste", 
        "artista": "MC HARIEL", 
        "album": "O fim é triste", 
        "ano_lancamento": 2023 
    }, 
    { 
        "img": "https://static.qobuz.com/images/covers/6b/cu/f4kt1uoqhcu6b_600.jpg",
        "titulo": "Cracolandia", 
        "artista": "MC HARIEL", 
        "album": "Cracolandia", 
        "ano_lancamento": 2022 
    }, 
    { 
        "img": "https://th.bing.com/th/id/OIP.9APE2nELw8epuieOGJ-zsgHaHa?rs=1&pid=ImgDetMain",
        "titulo": "Lei do retorno", 
        "artista": "MC HARIEL", 
        "album": "Lei do retorno", 
        "ano_lancamento": 2018 
    }, 
    { 
        "img": "https://i.scdn.co/image/ab67616d0000b27309b41f38d160f8f1a1683986",
        "titulo": "Melhor vibe", 
        "artista": "MC RYAN SP", 
        "album": "Melhor vibe", 
        "ano_lancamento": 2023 
    }, 
    { 
        "img": "https://i.scdn.co/image/ab67616d0000b273809f6a98b83f5af735db0213",
        "titulo": "Filho da noite", 
        "artista": "MC RYAN SP", 
        "album": "Filho da noite", 
        "ano_lancamento": 2024 
    }, 
    { 
        "img": "https://encrypted-tbn0.gstatic.com/images?q=tbn:ANd9GcSRhkD2RD68we3SvOzqF_Yr63pX6R-2PfOJUg&s",
        "titulo": "Perfeita", 
        "artista": "MC RYAN SP", 
        "album": "Um toque de malandragem", 
        "ano_lancamento": 2023 
    }, 
    { 
        "img": "https://encrypted-tbn0.gstatic.com/images?q=tbn:ANd9GcSRhkD2RD68we3SvOzqF_Yr63pX6R-2PfOJUg&s",
        "titulo": "Pique empresário", 
        "artista": "MC RYAN SP", 
        "album": "Um toque de malandragem", 
        "ano_lancamento": 2023 
    }, 
    { 
        "img": "https://i.scdn.co/image/ab67616d0000b273000a905e31adbd889bc74cfe",
        "titulo": "Ensinamento do pai", 
        "artista": "MC RYAN SP", 
        "album": "Um toque de malandragem", 
        "ano_lancamento": 2023 
    }, 
    { 
        "img": "https://encrypted-tbn0.gstatic.com/images?q=tbn:ANd9GcSV4Qm21q5iEMP356Yv58Sge4iOUVvX13Lcig&s",
        "titulo": "Tubarão gigante", 
        "artista": "MC RYAN SP", 
        "album": "Tubarão gigante", 
        "ano_lancamento": 2023 
    }, 
    { 
        "img": "https://encrypted-tbn0.gstatic.com/images?q=tbn:ANd9GcTXpvKlp_U3BW9asSDT2uNHk7MxDb_YhP0ing&s",
        "titulo": "Derrotas pro amor ganhar", 
        "artista": "MC PEDRINHO", 
        "album": "Derrotas pro amor ganhar", 
        "ano_lancamento": 2024 
    }, 
    { 
        "img": "https://encrypted-tbn0.gstatic.com/images?q=tbn:ANd9GcSZ8L5RI-f5N0cm-lICIQuEr1nzMfYehUzLBQ&s",
        "titulo": "Gol bolinha gol quadrado", 
        "artista": "MC PEDRINHO", 
        "album": "Gol bolinha gol quadrado", 
        "ano_lancamento": 2018 
    }, 
    { 
        "img": "https://encrypted-tbn0.gstatic.com/images?q=tbn:ANd9GcQegv3bvXWyoIbHc2jMZrvBG1IiAa_MIhQwvg&s",
        "titulo": "4m no toque", 
        "artista": "MC PEDRINHO", 
        "album": "4m no toque", 
        "ano_lancamento": 2019 
    }, 
    { 
        "img": "https://i.scdn.co/image/ab67616d0000b273db8887fdc9f1052b54a9bd65",
        "titulo": "Bipolar", 
        "artista": "MC PEDRINHO", 
        "album": "Bipolar", 
        "ano_lancamento": 2024 
    }, 
    { 
        "img": "https://i.scdn.co/image/ab67616d0000b273b8476dbf1d859d4c43003b4f",
        "titulo": "4m vibes", 
        "artista": "MC PEDRINHO", 
        "album": "4m vibes", 
        "ano_lancamento": 2022 
    }, 
    { 
        "img": "https://encrypted-tbn0.gstatic.com/images?q=tbn:ANd9GcR7BObQnibD5hmj70nl3MoP5IlCzOEWZpSZ9w&s",
        "titulo": "Solta o Grave", 
        "artista": "MC PEDRINHO", 
        "album": "Solta o grave", 
        "ano_lancamento": 2017 
    }
]